﻿pos_x,pos_y,rotation,side,designator,mpn,pack,footprint,value,mount_type
174.5,-116.0,0.0,top,,,,,,tht
174.5,-111.0,0.0,top,,,,,,tht
185.75,-100.0,0.0,top,C1,,,C_Disc_D7.5mm_W5.0mm_P7.50mm,250p,tht
174.5,-128.0,90.0,top,C2,,,C_Axial_L22.0mm_D9.5mm_P27.50mm_Horizontal,100n,tht
182.0,-106.5,0.0,top,C3,,,C_Axial_L12.0mm_D6.5mm_P15.00mm_Horizontal,4.7n,tht
165.5,-116.0,90.0,top,J1,,,"PhoenixContact_MCV_1,5_2-G-5.08_1x02_P5.08mm_Vertical",Screw_Terminal_1x02,tht
207.5,-109.42,-90.0,top,J2,,,"PhoenixContact_MCV_1,5_2-G-5.08_1x02_P5.08mm_Vertical",Screw_Terminal_1x02,tht
197.12,-118.5,180.0,top,R1,,,R_Axial_DIN0414_L11.9mm_D4.5mm_P15.24mm_Horizontal,100k,tht
197.12,-113.0,180.0,top,R2,,,R_Axial_DIN0414_L11.9mm_D4.5mm_P15.24mm_Horizontal,6.8k,tht
209.66,-126.5,180.0,top,RV1,1729131,,"PhoenixContact_MCV_1,5_3-G-5.08_1x03_P5.08mm_Vertical",250k Log,tht
193.16,-126.5,180.0,top,RV2,,,"PhoenixContact_MCV_1,5_3-G-5.08_1x03_P5.08mm_Vertical",250k Log,tht
